time_s,sensor_0.20m,sensor_0.35m,sensor_0.50m,sensor_0.65m,sensor_0.80m
0.0,20.31906318106042,33.72459776091464,100.32384426905034,34.55524483970424,19.953629417193138
0.7017543859649122,19.963948923107683,34.96205301761567,99.51185662419304,33.937709416894464,20.352297423375255
1.4035087719298245,,34.30879934318077,98.4055350809806,33.58502409763699,19.229873877554947
2.1052631578947367,19.82354707458733,34.39500717982851,97.62485164796789,34.447410702235096,19.398538988540174
2.807017543859649,20.85095126606337,35.13890246739337,96.71002229218148,34.539416524529884,19.84593551934
3.508771929824561,20.188134215953404,35.01736360962165,96.09669257259274,35.29254105337338,
4.2105263157894735,19.847504221464224,36.85088398899743,95.15752716868832,35.39588943226499,20.55962998363052
4.912280701754385,19.55478396890882,36.35200563327597,93.4615957245635,35.583480811324364,20.26363641182889
5.614035087719298,20.552472615006533,36.647175042739285,,36.410939054349626,19.443978329825114
6.315789473684211,19.842554155053442,36.63633178654862,93.585351226445,37.038460316812724,19.320956181569432
7.017543859649122,20.384973302487907,36.970677724555735,92.05464314985534,37.4690570091843,20.738431079038488
7.719298245614034,20.710255938102296,37.03175662523631,91.59274287626636,,20.73238844210538
8.421052631578947,20.02795095192987,37.638438144038,90.56555695563158,37.13316432032955,20.673800982049617
9.12280701754386,20.969822901768495,37.96710144887707,91.00824591048647,38.18392452219102,19.96914301018052
9.82456140350877,20.497810113498588,39.03608395052373,,39.049387495197735,19.00723975869951
10.526315789473683,20.75471670194616,38.56685392950644,89.17884627581853,38.56921078365508,19.3499809924581
11.228070175438596,20.26182274229188,38.95064296705377,89.50012533057263,38.51295157216104,19.967411884764044
11.929824561403509,20.149907304376548,39.471221459456295,88.37218151254197,38.74864029872171,20.657419542725496
12.631578947368421,20.479677030503115,39.73213912230178,87.31665163076451,39.08398555373642,20.235084179263016
13.333333333333332,19.730947625247076,39.62321918508117,87.2707988322776,,20.345411532625562
14.035087719298245,,39.48540680129995,86.4537327317328,39.29459082807179,20.41483052103529
14.736842105263158,20.7314535904876,40.85280033233001,86.20895517979798,40.03848257708611,20.492205204197248
15.438596491228068,19.60516712923286,40.10401272993826,85.65967176212202,41.34889072390549,20.46837225449182
16.140350877192983,20.751602414547925,40.30123437318761,84.56400194257029,40.89000166529771,20.976795259724504
16.842105263157894,21.033752305171767,40.05914620551686,85.37901782216858,39.812914401518064,20.93166487855038
17.543859649122805,21.77198211575175,40.20791796748156,83.93386862602522,,20.42501647578866
18.24561403508772,19.94102853156617,40.92107428768546,83.23502022158245,41.123589015600004,20.256648129982334
18.94736842105263,21.53199787829582,40.67319365162729,83.16371203579578,41.47157890648021,20.14159851757007
19.64912280701754,20.91247111519806,41.89099667767715,82.08866298991924,41.329742229802065,20.928682545020205
20.350877192982455,,40.7862854013257,81.8086197583922,41.66573153957316,20.989958726887053
21.052631578947366,21.01042683680138,41.7401999588185,81.7137659776693,41.68310270265049,21.03171664827778
21.75438596491228,20.572680901295247,42.65710326327121,81.88383080305171,41.12856425909748,21.258133414625345
22.45614035087719,20.488127040634705,42.270165167294394,81.82728570821162,41.46628170624729,21.457155940370527
23.157894736842103,21.228377147240252,42.43536440649983,81.80513956795747,,20.645118601593257
23.859649122807017,20.624627970965346,,80.43438443579412,42.33806056001512,21.207730585443116
24.561403508771928,21.53122691649863,42.31270505476549,80.82309788256723,42.17387569220754,22.477719875275426
25.263157894736842,21.47954242274187,42.0120410349261,79.19125997182945,42.68185602075581,21.05497735619644
25.964912280701753,21.57357745806232,42.80747380515017,79.32743308087856,42.14745813382917,20.45915359867334
26.666666666666664,21.043954831603255,43.1252288441163,79.11459688405569,42.074160057598554,21.353802770562357
27.36842105263158,21.51124439364256,42.37733081477695,78.73448002584678,42.848363892100494,20.747100554862826
28.07017543859649,21.549562836880888,43.21805050046253,78.85538751617304,43.46455926329585,20.6818344727282
28.7719298245614,,43.30985288312957,78.2329959427556,,23.34980031284507
29.473684210526315,21.762299283614176,43.73117985752363,78.12116857449617,43.489092663086204,21.31921940594742
30.175438596491226,21.91038447510185,42.884534317280014,77.19948070261027,43.028265150634226,21.571836934548376
30.877192982456137,22.742873959216634,42.441452572156294,77.3402405160198,42.56872723285732,21.349578742985162
31.57894736842105,22.185236666189837,43.50804904916599,76.14280330844963,43.11825718498825,21.980560242173492
32.280701754385966,21.331339870098123,43.681742195225134,76.39422444990957,43.24771272663122,22.76849523061935
32.98245614035088,22.06976325481015,42.655416990705085,,43.337095051649676,22.179020411049258
33.68421052631579,21.413316676984202,43.70205575192567,76.01848920821482,44.19230156974417,
34.3859649122807,21.699566895540453,43.61043341971865,75.14385766539293,44.730633195439665,22.069308368941403
35.08771929824561,21.294058021873226,44.39244907792955,76.24078915915725,44.44975073467772,21.164815016063738
35.78947368421053,21.74048277061684,44.64979662607767,74.53960547291881,44.23825076555745,22.369916833764634
36.49122807017544,21.57762747068013,44.06669078346089,72.99095876211948,43.584259640824634,21.914808630772587
37.19298245614035,21.476063352327326,44.990137157763485,73.61898397689907,43.95390926244915,22.165325231952792
37.89473684210526,22.879799895260113,43.53091797814924,74.64229972668424,44.25396558424874,21.668408925203078
38.59649122807017,22.449746594372343,44.42080759040369,73.49136832698304,44.35617878511195,22.02603805880982
39.29824561403508,22.335286165833242,44.72235238336364,74.3192382613709,43.77237929668968,23.345044180535748
40.0,,44.38305179348911,73.55903766011726,44.599440274874404,22.02728963577534
40.70175438596491,,,72.71264728735572,44.94911602088551,22.577517054800094
41.40350877192982,22.11316170322774,45.03726225461956,72.90713993079605,44.9938933763224,22.774430921819867
42.10526315789473,22.10594322949726,44.36835732455061,72.8769189257949,44.95363297736581,22.509989937976222
42.807017543859644,22.640125990470874,45.34616362694481,71.96080431450656,44.9808798696356,22.48036597259953
43.50877192982456,22.533821386681737,45.31355858124007,,45.17092497324678,23.29540139187251
44.21052631578947,22.714523028917764,45.15999736236778,71.61837205874818,44.98110405296451,22.638949580917533
44.91228070175438,22.814019451110653,45.169516282998075,71.12783518008519,45.91813140812233,22.26251277786444
45.614035087719294,22.220051075555553,45.502029076143536,71.69943775281517,45.23503354791957,23.14131813658155
46.315789473684205,22.882752270906575,44.52355253017062,,44.63359886015746,
47.01754385964912,,44.60685711180996,70.68560954194677,45.22607143734401,22.668833319439408
47.719298245614034,22.60147878684996,45.18714346547356,70.74468246402334,44.81182827204202,22.77706983182401
48.421052631578945,23.190565059310952,44.38526680532387,,44.7500868654463,22.967816514776207
49.122807017543856,23.291987436621714,45.889356599007534,70.61158952064395,45.07170922555103,23.12702554987136
49.82456140350877,22.697290197829645,,69.82296809464681,45.35381177836818,22.78493940837238
50.526315789473685,23.520262691204906,45.998043257145554,69.70021241796174,45.43252966169372,23.605661429939868
51.228070175438596,23.122013194980383,45.38143018812721,69.55088270959916,45.318221996496405,22.93611853899556
51.92982456140351,23.396898515952152,,70.06279455753335,45.78525868806409,24.46123465757845
52.63157894736842,23.062962639201324,45.776591265872916,,46.435332414121405,23.042487277967766
53.33333333333333,23.088728904543267,45.074148669197925,67.86825544300325,45.11096748107954,23.1290234948568
54.03508771929824,23.645688374186083,45.57678032325186,69.66852765244711,45.88111425445629,23.282039653116772
54.73684210526316,23.183122297425797,45.682598425553294,67.87299591005772,46.3523682227272,24.22204969346061
55.43859649122807,23.459505103255722,44.60952207126174,69.01510131964694,45.40881941318086,24.3130010852948
56.14035087719298,22.958556579403147,45.19460014376094,68.14817429970218,45.517777952120184,23.530737673060703
56.84210526315789,24.12877646026126,44.987456448096744,,45.58141447864398,24.07457091111688
57.5438596491228,24.234633421271777,44.984737240589496,67.00009011442917,46.18589669745767,24.04498298821712
58.24561403508772,23.565940767820543,46.34726953505565,67.63910311078787,46.16134213932629,23.97394327680387
58.94736842105263,25.031790138144945,46.472873008609874,67.27305924561517,46.08098806286544,24.324104150496517
59.64912280701754,24.746829048278354,45.135152967635825,67.55895804463161,46.14682694135066,23.183143526300615
60.35087719298245,23.531837269528957,44.61934225667881,66.90169500618288,45.99772947345683,24.87464505190985
61.05263157894736,24.221314874640935,46.4735689709695,66.16884963380625,44.807569978506265,24.15649363498273
61.754385964912274,24.436940732258993,45.66220277576136,65.64967883483901,45.63399013005199,23.592673257536905
62.45614035087719,24.640216547455278,45.880150467631076,66.03991984788725,45.43991788591429,23.77577351209578
63.1578947368421,24.334337214927096,46.19176136027605,65.84538062681575,45.966213457784335,24.100547954377454
63.859649122807014,24.02935384473469,,65.65089510355693,45.45376677679819,23.82685131457143
64.56140350877193,25.468076403002403,45.763710839755014,65.65078038835465,45.85306901913625,24.429549811698784
65.26315789473684,24.434956044606118,46.067759822269146,66.21334456900782,45.495425898442164,24.25753172405038
65.96491228070175,,44.623445800620836,,46.45784351671089,25.42744876926415
66.66666666666666,24.53976191608049,46.075569383947595,65.66344294404225,47.326731306647325,25.22406739157596
67.36842105263158,24.659421272766206,45.321581313952365,64.54381127198464,45.901083352186184,24.34520469586443
68.0701754385965,24.071132861576725,,64.64717160672632,46.65418001532988,25.223079594850283
68.7719298245614,24.83692720929933,46.56105631508976,65.06920594864671,45.39044214498061,25.60247556859246
69.47368421052632,25.16879141905676,45.31217340365433,64.77956477059185,45.39298735412517,24.20793653173225
70.17543859649122,25.420612210382494,46.79447349351533,64.02127058218542,46.12124979162555,24.63220215205575
70.87719298245614,24.77190729844625,45.55181211383876,64.13595968043663,45.87226988993059,24.59999493212307
71.57894736842105,25.208400030427743,45.83042738548152,64.29743532202643,45.401764609185285,
72.28070175438596,,46.11285362458351,63.778613369782256,45.912061183485925,25.506317649616985
72.98245614035088,24.35312073475531,46.140252236455346,63.78806252454544,46.15387147456195,24.806193797044727
73.68421052631578,24.34232460105592,45.060323384219465,63.99687705040527,46.00395585402178,24.792607338835968
74.3859649122807,25.6207435090324,45.048218778197345,63.794707187825125,45.27347070945059,24.975529225742623
75.08771929824562,25.381564145093815,45.45303403450752,63.491810300431496,46.386387121756705,25.06941887467402
75.78947368421052,25.831861026206134,45.32204243882655,63.806736306469666,46.6076801764843,24.178192720109912
76.49122807017544,25.071447037930465,46.17849545291029,63.29944004323328,46.075532326005664,25.167902072307783
77.19298245614034,25.56879586233722,45.81460740720992,63.84534238837208,46.01965644655657,25.69430229963836
77.89473684210526,25.37489263210817,45.65056701591064,,46.09159619913603,25.370338874759263
78.59649122807016,25.780769928270832,46.933446080679765,63.421984658679705,,26.236489460904586
79.29824561403508,25.486614983654945,44.877524039094574,62.34681937879807,44.96119034617057,25.51489592814506
80.0,25.75434851158045,46.73512393065128,62.88004232209429,45.787355010109195,26.159842112577408
80.7017543859649,24.693772639906022,46.01452279360421,62.96898329552665,45.15742239166,26.37121731601342
81.40350877192982,26.02250176894195,45.688385668413055,62.76815017897563,47.03137605426564,25.944186692723985
82.10526315789473,26.03098753929026,45.665179434067184,61.89626303481635,46.31002779210942,25.47883533318565
82.80701754385964,25.995992697239863,45.65438953092787,62.431299883792164,46.0600493069539,26.47897955075911
83.50877192982456,25.758240729868557,45.75617892978581,61.57423339150095,45.66896976739444,
84.21052631578947,26.444488094120807,45.427483016650584,62.37138615142044,46.56638460814187,26.272711237409975
84.91228070175438,27.056840659007154,45.4986825774075,61.18836895812905,44.99621705250714,26.866464908472707
85.61403508771929,,45.85436935660284,61.82592179712802,45.31941716840887,27.393470537432627
86.3157894736842,26.287058588088705,45.933027150335995,61.9251732617556,46.118834368901894,26.33439000924065
87.01754385964912,25.87876480536719,46.109825804034536,62.380749538488026,46.546801648544026,27.070595346409537
87.71929824561403,26.06964785097076,45.37465490870813,61.2553699660717,,26.87235144842182
88.42105263157895,25.52997578224799,46.62921175334622,61.11884865792262,45.6509960586422,25.87015590947531
89.12280701754385,25.5994301473054,46.27062426011291,61.11514838726913,45.214058518261425,25.77931909720647
89.82456140350877,,46.68778448787958,60.830363022002494,45.10170224867583,26.35433463326845
90.52631578947368,26.390888764269775,44.49870659727745,60.81569824210316,45.731682653643894,26.87535373155031
91.22807017543859,27.501469172972193,46.403958894500754,60.59209147367999,45.28741342535603,27.86367102712444
91.9298245614035,26.656036684044487,45.840826368479725,60.59915235571645,45.93290410290717,26.55424726107526
92.63157894736841,26.3887282219072,45.55328488004886,60.48049233320945,45.55500196510216,26.31913633400873
93.33333333333333,26.77760124192714,45.69175385386802,61.13548084649939,44.49375755838194,27.270139554042412
94.03508771929825,27.395950572415508,44.774758940874875,60.099703847221214,45.62573362408104,26.069152128807776
94.73684210526315,26.4322162973129,45.248069016042535,61.03568092002978,46.27119613534917,27.456902188605408
95.43859649122807,27.229872094391947,45.230432837644564,59.78670548912098,46.039646003867134,26.25797215792435
96.14035087719297,27.273141459926144,45.66610414304566,59.75188436795712,46.141746826226466,27.13877390058296
96.84210526315789,26.783460173459815,46.35695344960846,59.2899890802369,46.08525635139846,27.26049388535354
97.54385964912281,26.856166005736615,45.93109742998958,59.097074584040264,46.23004442847196,26.91848815717211
98.24561403508771,26.796268828363385,46.28300547636403,59.26344287412089,45.054270215263806,26.279315751860945
98.94736842105263,27.407021814479776,45.10849044866074,60.38685616402734,44.70774042096702,27.952245022951967
99.64912280701753,27.255607756170946,45.690293729672874,59.13169339632247,45.9382183427841,27.13128167135721
100.35087719298245,27.74752817932011,45.78545659553582,59.3748359205642,45.546536665097875,27.167404426451306
101.05263157894737,27.395252768626765,44.86270465843462,58.52195159137512,46.08942090177429,27.326784603244697
101.75438596491227,27.19453173792712,45.7162116272519,59.267010713029286,45.437114820564524,26.8973710434023
102.45614035087719,27.429314923432482,45.20677977993082,59.195327423250646,44.844674366619415,27.845970114546457
103.1578947368421,27.61225783056518,45.81272408461316,59.38132287563113,46.51744643968751,27.883144121867716
103.85964912280701,26.49978724895037,45.03344102474694,58.47712930215615,45.686275033220205,27.679053874850748
104.56140350877192,27.101316833691435,45.75491599033058,58.31218310247636,45.35577370659606,26.760858191844047
105.26315789473684,27.046236250725112,44.97378165152243,58.10303877242274,46.17644485263451,27.033153429364585
105.96491228070175,28.867408492276034,45.8841678071084,58.58524940285692,45.208329966577345,27.901372399561826
106.66666666666666,27.306464315758134,45.68619740839434,59.675475096193715,45.577162551209334,
107.36842105263158,27.285462732817347,45.59518570753382,59.18417077594212,45.29919642388841,28.54327522437875
108.07017543859648,28.03339737433493,45.31874277142014,58.51903886992549,46.08625338418063,27.990426387715782
108.7719298245614,26.936583081137098,45.223517365775756,57.98385806370971,45.54986923913816,28.03203148985766
109.47368421052632,27.852424407713407,44.9063418774295,58.20320761229469,45.879306929426455,28.043469131212294
110.17543859649122,28.34554805491259,45.97772615795079,58.14889019561631,45.52568222494701,26.974677225377274
110.87719298245614,28.06125681966348,45.651187374669654,57.96197259826015,44.908969243177935,
111.57894736842104,28.414021328226635,45.51397623316852,58.07449964453612,45.54791299816207,27.90232297130805
112.28070175438596,28.3972921348231,45.261977854597646,57.69005057540299,45.288862574353814,27.710902118118938
112.98245614035088,27.81397862822656,45.61715384516666,57.311523365585245,46.13396502213657,27.521261038851122
113.68421052631578,27.91525346550763,45.272152609186364,58.18395266805505,45.59029552657924,28.52461155732262
114.3859649122807,27.305744871382842,45.61132290108748,57.81549582978283,45.518939762790566,28.581265245434
115.0877192982456,27.82942882952473,,58.43098908533066,45.28201048967446,27.865321793874525
115.78947368421052,28.854026589327024,46.238704048238326,56.93160484511311,45.238824566825045,27.986442046337917
116.49122807017544,27.49408478263464,44.97494015611809,56.60308703883978,45.05036734680812,28.14896759445838
117.19298245614034,28.322108592236805,46.194728138098135,56.51872330235687,45.911639090929384,28.09800680385578
117.89473684210526,,45.74196658540837,56.369895279336426,45.595761712417094,28.326635144232714
118.59649122807016,28.527760254325287,45.53409079030418,58.07286824295957,45.070636476224614,28.016036144820298
119.29824561403508,28.007808865980596,45.09659163635405,56.4410853725784,45.968838461487955,29.0296312531879
120.0,28.071570584632276,,56.91063943664735,45.08291984008116,28.673409640384765
120.7017543859649,28.49569112379227,44.58574117468346,57.36442213043696,46.24155206872984,28.087835268124422
121.40350877192982,28.237387191483922,45.47101169276981,56.674214244422934,45.65735113374377,29.436340240835083
122.10526315789473,28.37949640053836,44.913283155592445,55.73421440956334,44.94696675789071,
122.80701754385964,29.401705893282116,45.03786897406711,56.45322153886998,,29.098623598247258
123.50877192982455,29.80407625620828,45.01537612989219,,45.802890954886884,28.881555788084615
124.21052631578947,29.49987416229433,45.556806463949556,55.998259246856946,45.560169786632734,29.130872289717757
124.91228070175438,29.022400669636387,45.50241005398618,56.63035435308636,45.83342083365537,29.303239074556462
125.61403508771929,28.971883483490373,45.14904626412864,56.09002598152086,,28.23906070420193
126.3157894736842,28.866965301374222,,55.95122809718781,45.85556782459389,28.778178180947716
127.01754385964911,28.740679447757575,44.520057398787486,56.2306975296555,45.52272755984798,29.799088535332224
127.71929824561403,28.598138282186277,45.29311380072583,55.90350034985495,45.972265276775595,28.704379633469294
128.42105263157893,28.925839373811225,45.47095219783053,55.79386780733703,44.943787135696994,28.8833736073752
129.12280701754386,29.357181974222755,44.637126228169784,55.68931416024106,44.80032347040573,29.417889413755283
129.82456140350877,,44.854219953167465,55.7342071265785,45.91644289142043,28.821266031342553
130.52631578947367,28.61005533727132,46.05747585578846,54.74486642590986,44.01749434275813,29.10766232564458
131.2280701754386,28.669882109626496,,55.7468187230289,45.221935896221076,28.63886990643443
131.9298245614035,28.313752636310927,45.519326472974136,55.64199784348715,45.03350987694437,29.8772233336702
132.6315789473684,,44.30332377107299,54.89568438136839,45.04329334835761,29.1083129805176
133.33333333333331,28.89850777029815,45.22503105855996,54.54108912510235,45.770885662339445,28.978050210030023
134.03508771929825,29.610001701037202,45.203213623200995,,45.31673459012824,29.275208065251793
134.73684210526315,29.404689915641065,45.67920747370972,55.11697782993337,45.36913308743776,29.038460688563674
135.43859649122805,29.835109982093453,44.65915002231655,55.845815528239775,44.977267198024016,28.399663823309684
136.140350877193,29.210575834031292,44.63947200773927,55.292754568681225,44.65368584682552,
136.8421052631579,28.2329762534656,44.73643498698646,53.588035247873265,44.17063673486813,29.55795394701051
137.5438596491228,29.60162175832742,45.15784779042383,54.2444788793313,44.92126333146036,29.206920409456714
138.2456140350877,28.660267790340523,45.679291440072596,55.09508541462949,44.81711020227419,29.252893054434054
138.94736842105263,29.3741247192104,43.88914237443082,54.46169359795561,44.56901768464406,28.76912331028916
139.64912280701753,29.159622401987665,45.79121661440014,54.835017929271345,44.606783856083986,29.586463939108715
140.35087719298244,30.029846881098898,45.337001501641275,54.474157634910185,44.5512162713321,29.679280819612682
141.05263157894737,29.55666717885168,45.30454205207157,54.69210165938189,45.38172179971737,29.092306880360514
141.75438596491227,30.048136878266277,44.937957167363805,55.342742538005034,,30.257421747031728
142.45614035087718,29.51767195846533,44.495613059147956,53.99418430042725,44.661148406858025,
143.1578947368421,29.70917371876975,44.51659112406766,54.155379607412634,45.874576305342885,30.311527559802347
143.859649122807,29.694721227623358,44.804517860578954,54.15941267962305,45.09227510786006,28.96516311018713
144.56140350877192,,43.933256537457936,54.231255030760444,45.0911465442481,29.263534911279812
145.26315789473682,30.320456925019585,44.13665714689711,53.23210479336578,44.86176588767826,30.05701269468064
145.96491228070175,30.40353075894407,44.502049663042385,54.43667975086089,44.712237559726496,29.475253263244717
146.66666666666666,30.031269535996813,45.039566890854566,,45.451675626510806,
147.36842105263156,29.304301467561938,44.89318411438263,54.011628013577244,44.825619230575874,29.341930241393985
148.0701754385965,29.308686292611537,44.66434681420175,54.28519623607797,44.94892392699469,29.459190810537503
148.7719298245614,30.057535704724938,43.23465998469217,54.20781635823227,43.78907440561816,29.490465878699194
149.4736842105263,29.138814293838358,43.99336525372816,54.14882794786511,44.40685539093266,29.87190118201678
150.17543859649123,29.701927663630904,44.86096963242089,,,30.22352136279406
150.87719298245614,29.505025491531192,43.82587127869958,53.22544226389586,45.35454212334661,30.177014654168588
151.57894736842104,29.60387195859998,44.41121739104813,53.214779386717694,45.62422023498777,29.96916575191968
152.28070175438594,30.01929279571,45.082644188507125,53.43145347038818,44.43798138858085,29.70609704757197
152.98245614035088,29.794326279614527,44.53052093554198,53.612697081732456,44.57510499670055,30.196446947929342
153.68421052631578,29.815405830835896,44.570053760530435,52.18696340279743,44.98890000272363,30.029008358839178
154.38596491228068,30.380189941284474,43.06418822725208,54.1677871692843,44.442521102271336,30.4352762947234
155.08771929824562,29.38643751764353,44.800259354810905,52.53477940857568,44.18198792193172,30.863406158139682
155.78947368421052,29.836040976404874,44.5841231312554,53.43475643840944,44.72324763865185,30.006591629358326
156.49122807017542,30.138641741418077,45.65862763408887,52.90949331798657,44.55746936482722,30.481488438188762
157.19298245614033,30.533491900621204,45.03192802039954,53.19658952438201,43.8669104112541,30.797444700292754
157.89473684210526,29.431913820448386,44.571204508115926,52.43934657282261,44.38781760219991,30.169467722109463
158.59649122807016,30.189913850127066,44.61230292253494,53.56293547919856,44.628109696174285,29.9071569247566
159.29824561403507,30.535219943777037,44.97751638056362,52.08220346100233,44.68148117102623,30.403762730788298
160.0,29.928129361436994,45.05205689178445,52.5612362299733,44.42699171186441,29.990375200975045
160.7017543859649,30.108230266344936,43.797472965940344,51.85682136069267,45.14286304100043,29.676960068395026
161.4035087719298,29.628070308078488,43.25030804871194,52.198271860768045,43.66545820881005,30.944774062874817
162.10526315789474,30.651798108502724,43.96430697772542,53.585196791926194,44.799264893810076,
162.80701754385964,28.920108353180115,45.43521978748435,51.705736137171606,43.46704912771054,30.68109642662171
163.50877192982455,31.41240884629235,44.9632394057929,52.6243348793232,,30.61924042251286
164.21052631578945,30.59451937111632,44.39304216814429,52.33665046380711,44.221149892209844,29.838072781789588
164.91228070175438,30.09704218121936,43.38730127454672,52.17785854609019,43.73948412806895,29.68558506104485
165.6140350877193,30.349454853534905,44.91110459992598,52.628971211021124,43.429853154942094,29.764693709672986
166.3157894736842,30.751826044443007,43.70517485102534,52.000584262053266,44.47144459730677,29.797268223017074
167.01754385964912,30.355866684227077,43.510712956525445,51.755605637558766,44.33761667105582,
167.71929824561403,30.544961777761173,44.14920675834589,52.27622109842454,44.27098272484156,31.006794623767888
168.42105263157893,30.40869031800011,,,44.41196813988897,30.370508101839
169.12280701754386,30.387536928391622,43.770610962826474,51.55678264726259,43.42030417083,31.242029454383147
169.82456140350877,29.76628301194589,43.75643678734158,51.47359464723665,44.550351574711755,30.240739790495514
170.52631578947367,31.03287091062751,43.74742222075013,51.91714827500825,43.66649400624219,31.48157443817733
171.22807017543857,29.83579876879144,44.220352255651946,52.03967779024606,44.27234144926418,30.33695414886734
171.9298245614035,30.38509974787461,44.06861886439052,51.594709278792244,44.528652686798424,31.55527159853699
172.6315789473684,30.191491490604935,43.34308035138969,51.569770520488234,,30.06840009912398
173.33333333333331,31.3098393820813,44.848099056487364,51.283096614284716,44.29374018904178,31.304479290923528
174.03508771929825,30.320578155366906,43.888723969884616,51.21530501269534,43.483135784589365,30.18550325332764
174.73684210526315,29.917851522999463,43.98882065992939,,44.08867188169515,29.75187383327877
175.43859649122805,30.71476111517722,44.369808027721916,50.402604363807235,44.14007183184124,31.163155495306633
176.140350877193,29.963820667103054,44.77059476357404,51.55604904630229,43.58180264227598,30.540756637619797
176.8421052631579,30.8669467616535,43.953577235343836,51.563251188856626,43.455237743097946,
177.5438596491228,29.899891248670794,43.841228956336,50.78951707188967,43.52907701571547,31.224795084728495
178.2456140350877,31.171192917494974,44.18268049215038,50.64317403967763,,31.23208670718742
178.94736842105263,30.715010942321612,45.01904815114063,51.334108506485556,43.955407939394796,30.489594253400405
179.64912280701753,30.729363928633052,43.76442341290741,51.4398805564352,,30.26959874598793
180.35087719298244,30.015245441163756,42.90383407923367,51.28845383531206,,29.604416621466402
181.05263157894737,30.893248195706814,45.04971891692618,50.98030787266564,44.22246454543561,30.73987357271511
181.75438596491227,30.667440653291088,44.2440442118452,50.787342320143054,43.91820212738727,30.877734382984663
182.45614035087718,,44.26181882816749,50.79438501301791,43.38792507365281,31.00289767052286
183.15789473684208,30.30299777486848,43.761185226657695,50.82693767894934,44.29004243088892,30.98958088220397
183.859649122807,30.75714011167492,44.13728053393962,51.476478198916986,44.00730253751541,30.77482990096918
184.56140350877192,30.130991162809654,43.17714945108588,50.5788822777165,43.404950181543924,30.69342362749201
185.26315789473682,30.832324840739357,43.95586813019554,50.64660642414807,43.934272574930276,30.83623708569586
185.96491228070175,29.833193148827068,43.20267649907234,50.56041223785428,43.06749682456116,31.120890797002108
186.66666666666666,31.60306539366349,44.263054928295944,50.47657186518207,44.39903707087226,30.91202370609269
187.36842105263156,30.68574856089767,43.328310222237,50.38313090924154,43.44092314473686,
188.0701754385965,30.951019155470405,43.61788023318691,50.70414056167692,44.21168036050337,31.34550923266613
188.7719298245614,30.14456386913117,42.32075080579355,50.90436855555268,42.91427202403682,
189.4736842105263,30.318078113418267,42.67808414033363,50.659706632767076,43.95865193927496,30.61487942608459
190.1754385964912,29.623577347279152,43.28732430273777,50.53687165265779,42.82099074247695,31.010778453241187
190.87719298245614,30.92725053299354,43.83147396396147,50.35298011485223,43.05529374372015,31.53319120841228
191.57894736842104,30.87129173052662,43.509567480705336,49.77900033762649,43.30157862486455,30.50815516002665
192.28070175438594,30.87957963408333,44.360475697198225,49.51235046379497,42.69784075818868,31.701637827791846
192.98245614035088,30.876733046751546,43.15149727827996,50.671140673430926,43.18322587774149,31.894399742100948
193.68421052631578,31.335547097722806,43.22350092353018,51.18294857078396,43.16459916610137,31.367631848057822
194.38596491228068,31.16126776003859,44.099761339903424,50.83837331896289,43.464892769736906,30.634912534662252
195.08771929824562,31.256493850219176,43.091478456192924,51.01785002317811,43.49860380661035,30.84384700309356
195.78947368421052,31.133584206281974,42.738230103799424,49.4791017996775,44.012000202536484,30.71279691386382
196.49122807017542,30.53237576134154,43.66158867017885,,43.75273894924774,31.55385509558541
197.19298245614033,30.691872786021825,42.663838212980785,50.62371506789103,43.21340362693064,30.94485382207903
197.89473684210526,31.74865930523171,43.634352272951325,50.055375855847345,44.438738440701535,30.762803119117102
198.59649122807016,31.562627971355603,,49.916319026215945,44.10197792848367,31.352625785459797
199.29824561403507,31.381856326048435,43.85551680517426,,42.89965830284986,30.590303689513092
200.0,30.14338600902017,,49.14021574031303,43.19016896283069,30.988157653763707
